empleado_id,last_name,first_name,full_name,title,hire_date,city,country,region,reports_to
1,Davolio,Nancy,Nancy Davolio,Sales Representative,1992-05-01,Seattle,USA,WA,2
2,Fuller,Andrew,Andrew Fuller,"Vice President, Sales",1992-08-14,Tacoma,USA,WA,
3,Leverling,Janet,Janet Leverling,Sales Representative,1992-04-01,Kirkland,USA,WA,2
4,Peacock,Margaret,Margaret Peacock,Sales Representative,1993-05-03,Redmond,USA,WA,2
5,Buchanan,Steven,Steven Buchanan,Sales Manager,1993-10-17,London,UK,,2
6,Suyama,Michael,Michael Suyama,Sales Representative,1993-10-17,London,UK,,5
7,King,Robert,Robert King,Sales Representative,1994-01-02,London,UK,,5
8,Callahan,Laura,Laura Callahan,Inside Sales Coordinator,1994-03-05,Seattle,USA,WA,2
9,Dodsworth,Anne,Anne Dodsworth,Sales Representative,1994-11-15,London,UK,,5
