fecha_id,fecha_completa,anio,trimestre,mes,nombre_mes,semana_anio,dia,nombre_dia,es_fin_semana
19960704,1996-07-04,1996,3,7,Julio,27,4,Jueves,False
19960705,1996-07-05,1996,3,7,Julio,27,5,Viernes,False
19960706,1996-07-06,1996,3,7,Julio,27,6,Sábado,True
19960707,1996-07-07,1996,3,7,Julio,27,7,Domingo,True
19960708,1996-07-08,1996,3,7,Julio,28,8,Lunes,False
19960709,1996-07-09,1996,3,7,Julio,28,9,Martes,False
19960710,1996-07-10,1996,3,7,Julio,28,10,Miércoles,False
19960711,1996-07-11,1996,3,7,Julio,28,11,Jueves,False
19960712,1996-07-12,1996,3,7,Julio,28,12,Viernes,False
19960713,1996-07-13,1996,3,7,Julio,28,13,Sábado,True
19960714,1996-07-14,1996,3,7,Julio,28,14,Domingo,True
19960715,1996-07-15,1996,3,7,Julio,29,15,Lunes,False
19960716,1996-07-16,1996,3,7,Julio,29,16,Martes,False
19960717,1996-07-17,1996,3,7,Julio,29,17,Miércoles,False
19960718,1996-07-18,1996,3,7,Julio,29,18,Jueves,False
19960719,1996-07-19,1996,3,7,Julio,29,19,Viernes,False
19960720,1996-07-20,1996,3,7,Julio,29,20,Sábado,True
19960721,1996-07-21,1996,3,7,Julio,29,21,Domingo,True
19960722,1996-07-22,1996,3,7,Julio,30,22,Lunes,False
19960723,1996-07-23,1996,3,7,Julio,30,23,Martes,False
19960724,1996-07-24,1996,3,7,Julio,30,24,Miércoles,False
19960725,1996-07-25,1996,3,7,Julio,30,25,Jueves,False
19960726,1996-07-26,1996,3,7,Julio,30,26,Viernes,False
19960727,1996-07-27,1996,3,7,Julio,30,27,Sábado,True
19960728,1996-07-28,1996,3,7,Julio,30,28,Domingo,True
19960729,1996-07-29,1996,3,7,Julio,31,29,Lunes,False
19960730,1996-07-30,1996,3,7,Julio,31,30,Martes,False
19960731,1996-07-31,1996,3,7,Julio,31,31,Miércoles,False
19960801,1996-08-01,1996,3,8,Agosto,31,1,Jueves,False
19960802,1996-08-02,1996,3,8,Agosto,31,2,Viernes,False
19960803,1996-08-03,1996,3,8,Agosto,31,3,Sábado,True
19960804,1996-08-04,1996,3,8,Agosto,31,4,Domingo,True
19960805,1996-08-05,1996,3,8,Agosto,32,5,Lunes,False
19960806,1996-08-06,1996,3,8,Agosto,32,6,Martes,False
19960807,1996-08-07,1996,3,8,Agosto,32,7,Miércoles,False
19960808,1996-08-08,1996,3,8,Agosto,32,8,Jueves,False
19960809,1996-08-09,1996,3,8,Agosto,32,9,Viernes,False
19960810,1996-08-10,1996,3,8,Agosto,32,10,Sábado,True
19960811,1996-08-11,1996,3,8,Agosto,32,11,Domingo,True
19960812,1996-08-12,1996,3,8,Agosto,33,12,Lunes,False
19960813,1996-08-13,1996,3,8,Agosto,33,13,Martes,False
19960814,1996-08-14,1996,3,8,Agosto,33,14,Miércoles,False
19960815,1996-08-15,1996,3,8,Agosto,33,15,Jueves,False
19960816,1996-08-16,1996,3,8,Agosto,33,16,Viernes,False
19960817,1996-08-17,1996,3,8,Agosto,33,17,Sábado,True
19960818,1996-08-18,1996,3,8,Agosto,33,18,Domingo,True
19960819,1996-08-19,1996,3,8,Agosto,34,19,Lunes,False
19960820,1996-08-20,1996,3,8,Agosto,34,20,Martes,False
19960821,1996-08-21,1996,3,8,Agosto,34,21,Miércoles,False
19960822,1996-08-22,1996,3,8,Agosto,34,22,Jueves,False
19960823,1996-08-23,1996,3,8,Agosto,34,23,Viernes,False
19960824,1996-08-24,1996,3,8,Agosto,34,24,Sábado,True
19960825,1996-08-25,1996,3,8,Agosto,34,25,Domingo,True
19960826,1996-08-26,1996,3,8,Agosto,35,26,Lunes,False
19960827,1996-08-27,1996,3,8,Agosto,35,27,Martes,False
19960828,1996-08-28,1996,3,8,Agosto,35,28,Miércoles,False
19960829,1996-08-29,1996,3,8,Agosto,35,29,Jueves,False
19960830,1996-08-30,1996,3,8,Agosto,35,30,Viernes,False
19960831,1996-08-31,1996,3,8,Agosto,35,31,Sábado,True
19960901,1996-09-01,1996,3,9,Septiembre,35,1,Domingo,True
19960902,1996-09-02,1996,3,9,Septiembre,36,2,Lunes,False
19960903,1996-09-03,1996,3,9,Septiembre,36,3,Martes,False
19960904,1996-09-04,1996,3,9,Septiembre,36,4,Miércoles,False
19960905,1996-09-05,1996,3,9,Septiembre,36,5,Jueves,False
19960906,1996-09-06,1996,3,9,Septiembre,36,6,Viernes,False
19960907,1996-09-07,1996,3,9,Septiembre,36,7,Sábado,True
19960908,1996-09-08,1996,3,9,Septiembre,36,8,Domingo,True
19960909,1996-09-09,1996,3,9,Septiembre,37,9,Lunes,False
19960910,1996-09-10,1996,3,9,Septiembre,37,10,Martes,False
19960911,1996-09-11,1996,3,9,Septiembre,37,11,Miércoles,False
19960912,1996-09-12,1996,3,9,Septiembre,37,12,Jueves,False
19960913,1996-09-13,1996,3,9,Septiembre,37,13,Viernes,False
19960914,1996-09-14,1996,3,9,Septiembre,37,14,Sábado,True
19960915,1996-09-15,1996,3,9,Septiembre,37,15,Domingo,True
19960916,1996-09-16,1996,3,9,Septiembre,38,16,Lunes,False
19960917,1996-09-17,1996,3,9,Septiembre,38,17,Martes,False
19960918,1996-09-18,1996,3,9,Septiembre,38,18,Miércoles,False
19960919,1996-09-19,1996,3,9,Septiembre,38,19,Jueves,False
19960920,1996-09-20,1996,3,9,Septiembre,38,20,Viernes,False
19960921,1996-09-21,1996,3,9,Septiembre,38,21,Sábado,True
19960922,1996-09-22,1996,3,9,Septiembre,38,22,Domingo,True
19960923,1996-09-23,1996,3,9,Septiembre,39,23,Lunes,False
19960924,1996-09-24,1996,3,9,Septiembre,39,24,Martes,False
19960925,1996-09-25,1996,3,9,Septiembre,39,25,Miércoles,False
19960926,1996-09-26,1996,3,9,Septiembre,39,26,Jueves,False
19960927,1996-09-27,1996,3,9,Septiembre,39,27,Viernes,False
19960928,1996-09-28,1996,3,9,Septiembre,39,28,Sábado,True
19960929,1996-09-29,1996,3,9,Septiembre,39,29,Domingo,True
19960930,1996-09-30,1996,3,9,Septiembre,40,30,Lunes,False
19961001,1996-10-01,1996,4,10,Octubre,40,1,Martes,False
19961002,1996-10-02,1996,4,10,Octubre,40,2,Miércoles,False
19961003,1996-10-03,1996,4,10,Octubre,40,3,Jueves,False
19961004,1996-10-04,1996,4,10,Octubre,40,4,Viernes,False
19961005,1996-10-05,1996,4,10,Octubre,40,5,Sábado,True
19961006,1996-10-06,1996,4,10,Octubre,40,6,Domingo,True
19961007,1996-10-07,1996,4,10,Octubre,41,7,Lunes,False
19961008,1996-10-08,1996,4,10,Octubre,41,8,Martes,False
19961009,1996-10-09,1996,4,10,Octubre,41,9,Miércoles,False
19961010,1996-10-10,1996,4,10,Octubre,41,10,Jueves,False
19961011,1996-10-11,1996,4,10,Octubre,41,11,Viernes,False
19961012,1996-10-12,1996,4,10,Octubre,41,12,Sábado,True
19961013,1996-10-13,1996,4,10,Octubre,41,13,Domingo,True
19961014,1996-10-14,1996,4,10,Octubre,42,14,Lunes,False
19961015,1996-10-15,1996,4,10,Octubre,42,15,Martes,False
19961016,1996-10-16,1996,4,10,Octubre,42,16,Miércoles,False
19961017,1996-10-17,1996,4,10,Octubre,42,17,Jueves,False
19961018,1996-10-18,1996,4,10,Octubre,42,18,Viernes,False
19961019,1996-10-19,1996,4,10,Octubre,42,19,Sábado,True
19961020,1996-10-20,1996,4,10,Octubre,42,20,Domingo,True
19961021,1996-10-21,1996,4,10,Octubre,43,21,Lunes,False
19961022,1996-10-22,1996,4,10,Octubre,43,22,Martes,False
19961023,1996-10-23,1996,4,10,Octubre,43,23,Miércoles,False
19961024,1996-10-24,1996,4,10,Octubre,43,24,Jueves,False
19961025,1996-10-25,1996,4,10,Octubre,43,25,Viernes,False
19961026,1996-10-26,1996,4,10,Octubre,43,26,Sábado,True
19961027,1996-10-27,1996,4,10,Octubre,43,27,Domingo,True
19961028,1996-10-28,1996,4,10,Octubre,44,28,Lunes,False
19961029,1996-10-29,1996,4,10,Octubre,44,29,Martes,False
19961030,1996-10-30,1996,4,10,Octubre,44,30,Miércoles,False
19961031,1996-10-31,1996,4,10,Octubre,44,31,Jueves,False
19961101,1996-11-01,1996,4,11,Noviembre,44,1,Viernes,False
19961102,1996-11-02,1996,4,11,Noviembre,44,2,Sábado,True
19961103,1996-11-03,1996,4,11,Noviembre,44,3,Domingo,True
19961104,1996-11-04,1996,4,11,Noviembre,45,4,Lunes,False
19961105,1996-11-05,1996,4,11,Noviembre,45,5,Martes,False
19961106,1996-11-06,1996,4,11,Noviembre,45,6,Miércoles,False
19961107,1996-11-07,1996,4,11,Noviembre,45,7,Jueves,False
19961108,1996-11-08,1996,4,11,Noviembre,45,8,Viernes,False
19961109,1996-11-09,1996,4,11,Noviembre,45,9,Sábado,True
19961110,1996-11-10,1996,4,11,Noviembre,45,10,Domingo,True
19961111,1996-11-11,1996,4,11,Noviembre,46,11,Lunes,False
19961112,1996-11-12,1996,4,11,Noviembre,46,12,Martes,False
19961113,1996-11-13,1996,4,11,Noviembre,46,13,Miércoles,False
19961114,1996-11-14,1996,4,11,Noviembre,46,14,Jueves,False
19961115,1996-11-15,1996,4,11,Noviembre,46,15,Viernes,False
19961116,1996-11-16,1996,4,11,Noviembre,46,16,Sábado,True
19961117,1996-11-17,1996,4,11,Noviembre,46,17,Domingo,True
19961118,1996-11-18,1996,4,11,Noviembre,47,18,Lunes,False
19961119,1996-11-19,1996,4,11,Noviembre,47,19,Martes,False
19961120,1996-11-20,1996,4,11,Noviembre,47,20,Miércoles,False
19961121,1996-11-21,1996,4,11,Noviembre,47,21,Jueves,False
19961122,1996-11-22,1996,4,11,Noviembre,47,22,Viernes,False
19961123,1996-11-23,1996,4,11,Noviembre,47,23,Sábado,True
19961124,1996-11-24,1996,4,11,Noviembre,47,24,Domingo,True
19961125,1996-11-25,1996,4,11,Noviembre,48,25,Lunes,False
19961126,1996-11-26,1996,4,11,Noviembre,48,26,Martes,False
19961127,1996-11-27,1996,4,11,Noviembre,48,27,Miércoles,False
19961128,1996-11-28,1996,4,11,Noviembre,48,28,Jueves,False
19961129,1996-11-29,1996,4,11,Noviembre,48,29,Viernes,False
19961130,1996-11-30,1996,4,11,Noviembre,48,30,Sábado,True
19961201,1996-12-01,1996,4,12,Diciembre,48,1,Domingo,True
19961202,1996-12-02,1996,4,12,Diciembre,49,2,Lunes,False
19961203,1996-12-03,1996,4,12,Diciembre,49,3,Martes,False
19961204,1996-12-04,1996,4,12,Diciembre,49,4,Miércoles,False
19961205,1996-12-05,1996,4,12,Diciembre,49,5,Jueves,False
19961206,1996-12-06,1996,4,12,Diciembre,49,6,Viernes,False
19961207,1996-12-07,1996,4,12,Diciembre,49,7,Sábado,True
19961208,1996-12-08,1996,4,12,Diciembre,49,8,Domingo,True
19961209,1996-12-09,1996,4,12,Diciembre,50,9,Lunes,False
19961210,1996-12-10,1996,4,12,Diciembre,50,10,Martes,False
19961211,1996-12-11,1996,4,12,Diciembre,50,11,Miércoles,False
19961212,1996-12-12,1996,4,12,Diciembre,50,12,Jueves,False
19961213,1996-12-13,1996,4,12,Diciembre,50,13,Viernes,False
19961214,1996-12-14,1996,4,12,Diciembre,50,14,Sábado,True
19961215,1996-12-15,1996,4,12,Diciembre,50,15,Domingo,True
19961216,1996-12-16,1996,4,12,Diciembre,51,16,Lunes,False
19961217,1996-12-17,1996,4,12,Diciembre,51,17,Martes,False
19961218,1996-12-18,1996,4,12,Diciembre,51,18,Miércoles,False
19961219,1996-12-19,1996,4,12,Diciembre,51,19,Jueves,False
19961220,1996-12-20,1996,4,12,Diciembre,51,20,Viernes,False
19961221,1996-12-21,1996,4,12,Diciembre,51,21,Sábado,True
19961222,1996-12-22,1996,4,12,Diciembre,51,22,Domingo,True
19961223,1996-12-23,1996,4,12,Diciembre,52,23,Lunes,False
19961224,1996-12-24,1996,4,12,Diciembre,52,24,Martes,False
19961225,1996-12-25,1996,4,12,Diciembre,52,25,Miércoles,False
19961226,1996-12-26,1996,4,12,Diciembre,52,26,Jueves,False
19961227,1996-12-27,1996,4,12,Diciembre,52,27,Viernes,False
19961228,1996-12-28,1996,4,12,Diciembre,52,28,Sábado,True
19961229,1996-12-29,1996,4,12,Diciembre,52,29,Domingo,True
19961230,1996-12-30,1996,4,12,Diciembre,1,30,Lunes,False
19961231,1996-12-31,1996,4,12,Diciembre,1,31,Martes,False
19970101,1997-01-01,1997,1,1,Enero,1,1,Miércoles,False
19970102,1997-01-02,1997,1,1,Enero,1,2,Jueves,False
19970103,1997-01-03,1997,1,1,Enero,1,3,Viernes,False
19970104,1997-01-04,1997,1,1,Enero,1,4,Sábado,True
19970105,1997-01-05,1997,1,1,Enero,1,5,Domingo,True
19970106,1997-01-06,1997,1,1,Enero,2,6,Lunes,False
19970107,1997-01-07,1997,1,1,Enero,2,7,Martes,False
19970108,1997-01-08,1997,1,1,Enero,2,8,Miércoles,False
19970109,1997-01-09,1997,1,1,Enero,2,9,Jueves,False
19970110,1997-01-10,1997,1,1,Enero,2,10,Viernes,False
19970111,1997-01-11,1997,1,1,Enero,2,11,Sábado,True
19970112,1997-01-12,1997,1,1,Enero,2,12,Domingo,True
19970113,1997-01-13,1997,1,1,Enero,3,13,Lunes,False
19970114,1997-01-14,1997,1,1,Enero,3,14,Martes,False
19970115,1997-01-15,1997,1,1,Enero,3,15,Miércoles,False
19970116,1997-01-16,1997,1,1,Enero,3,16,Jueves,False
19970117,1997-01-17,1997,1,1,Enero,3,17,Viernes,False
19970118,1997-01-18,1997,1,1,Enero,3,18,Sábado,True
19970119,1997-01-19,1997,1,1,Enero,3,19,Domingo,True
19970120,1997-01-20,1997,1,1,Enero,4,20,Lunes,False
19970121,1997-01-21,1997,1,1,Enero,4,21,Martes,False
19970122,1997-01-22,1997,1,1,Enero,4,22,Miércoles,False
19970123,1997-01-23,1997,1,1,Enero,4,23,Jueves,False
19970124,1997-01-24,1997,1,1,Enero,4,24,Viernes,False
19970125,1997-01-25,1997,1,1,Enero,4,25,Sábado,True
19970126,1997-01-26,1997,1,1,Enero,4,26,Domingo,True
19970127,1997-01-27,1997,1,1,Enero,5,27,Lunes,False
19970128,1997-01-28,1997,1,1,Enero,5,28,Martes,False
19970129,1997-01-29,1997,1,1,Enero,5,29,Miércoles,False
19970130,1997-01-30,1997,1,1,Enero,5,30,Jueves,False
19970131,1997-01-31,1997,1,1,Enero,5,31,Viernes,False
19970201,1997-02-01,1997,1,2,Febrero,5,1,Sábado,True
19970202,1997-02-02,1997,1,2,Febrero,5,2,Domingo,True
19970203,1997-02-03,1997,1,2,Febrero,6,3,Lunes,False
19970204,1997-02-04,1997,1,2,Febrero,6,4,Martes,False
19970205,1997-02-05,1997,1,2,Febrero,6,5,Miércoles,False
19970206,1997-02-06,1997,1,2,Febrero,6,6,Jueves,False
19970207,1997-02-07,1997,1,2,Febrero,6,7,Viernes,False
19970208,1997-02-08,1997,1,2,Febrero,6,8,Sábado,True
19970209,1997-02-09,1997,1,2,Febrero,6,9,Domingo,True
19970210,1997-02-10,1997,1,2,Febrero,7,10,Lunes,False
19970211,1997-02-11,1997,1,2,Febrero,7,11,Martes,False
19970212,1997-02-12,1997,1,2,Febrero,7,12,Miércoles,False
19970213,1997-02-13,1997,1,2,Febrero,7,13,Jueves,False
19970214,1997-02-14,1997,1,2,Febrero,7,14,Viernes,False
19970215,1997-02-15,1997,1,2,Febrero,7,15,Sábado,True
19970216,1997-02-16,1997,1,2,Febrero,7,16,Domingo,True
19970217,1997-02-17,1997,1,2,Febrero,8,17,Lunes,False
19970218,1997-02-18,1997,1,2,Febrero,8,18,Martes,False
19970219,1997-02-19,1997,1,2,Febrero,8,19,Miércoles,False
19970220,1997-02-20,1997,1,2,Febrero,8,20,Jueves,False
19970221,1997-02-21,1997,1,2,Febrero,8,21,Viernes,False
19970222,1997-02-22,1997,1,2,Febrero,8,22,Sábado,True
19970223,1997-02-23,1997,1,2,Febrero,8,23,Domingo,True
19970224,1997-02-24,1997,1,2,Febrero,9,24,Lunes,False
19970225,1997-02-25,1997,1,2,Febrero,9,25,Martes,False
19970226,1997-02-26,1997,1,2,Febrero,9,26,Miércoles,False
19970227,1997-02-27,1997,1,2,Febrero,9,27,Jueves,False
19970228,1997-02-28,1997,1,2,Febrero,9,28,Viernes,False
19970301,1997-03-01,1997,1,3,Marzo,9,1,Sábado,True
19970302,1997-03-02,1997,1,3,Marzo,9,2,Domingo,True
19970303,1997-03-03,1997,1,3,Marzo,10,3,Lunes,False
19970304,1997-03-04,1997,1,3,Marzo,10,4,Martes,False
19970305,1997-03-05,1997,1,3,Marzo,10,5,Miércoles,False
19970306,1997-03-06,1997,1,3,Marzo,10,6,Jueves,False
19970307,1997-03-07,1997,1,3,Marzo,10,7,Viernes,False
19970308,1997-03-08,1997,1,3,Marzo,10,8,Sábado,True
19970309,1997-03-09,1997,1,3,Marzo,10,9,Domingo,True
19970310,1997-03-10,1997,1,3,Marzo,11,10,Lunes,False
19970311,1997-03-11,1997,1,3,Marzo,11,11,Martes,False
19970312,1997-03-12,1997,1,3,Marzo,11,12,Miércoles,False
19970313,1997-03-13,1997,1,3,Marzo,11,13,Jueves,False
19970314,1997-03-14,1997,1,3,Marzo,11,14,Viernes,False
19970315,1997-03-15,1997,1,3,Marzo,11,15,Sábado,True
19970316,1997-03-16,1997,1,3,Marzo,11,16,Domingo,True
19970317,1997-03-17,1997,1,3,Marzo,12,17,Lunes,False
19970318,1997-03-18,1997,1,3,Marzo,12,18,Martes,False
19970319,1997-03-19,1997,1,3,Marzo,12,19,Miércoles,False
19970320,1997-03-20,1997,1,3,Marzo,12,20,Jueves,False
19970321,1997-03-21,1997,1,3,Marzo,12,21,Viernes,False
19970322,1997-03-22,1997,1,3,Marzo,12,22,Sábado,True
19970323,1997-03-23,1997,1,3,Marzo,12,23,Domingo,True
19970324,1997-03-24,1997,1,3,Marzo,13,24,Lunes,False
19970325,1997-03-25,1997,1,3,Marzo,13,25,Martes,False
19970326,1997-03-26,1997,1,3,Marzo,13,26,Miércoles,False
19970327,1997-03-27,1997,1,3,Marzo,13,27,Jueves,False
19970328,1997-03-28,1997,1,3,Marzo,13,28,Viernes,False
19970329,1997-03-29,1997,1,3,Marzo,13,29,Sábado,True
19970330,1997-03-30,1997,1,3,Marzo,13,30,Domingo,True
19970331,1997-03-31,1997,1,3,Marzo,14,31,Lunes,False
19970401,1997-04-01,1997,2,4,Abril,14,1,Martes,False
19970402,1997-04-02,1997,2,4,Abril,14,2,Miércoles,False
19970403,1997-04-03,1997,2,4,Abril,14,3,Jueves,False
19970404,1997-04-04,1997,2,4,Abril,14,4,Viernes,False
19970405,1997-04-05,1997,2,4,Abril,14,5,Sábado,True
19970406,1997-04-06,1997,2,4,Abril,14,6,Domingo,True
19970407,1997-04-07,1997,2,4,Abril,15,7,Lunes,False
19970408,1997-04-08,1997,2,4,Abril,15,8,Martes,False
19970409,1997-04-09,1997,2,4,Abril,15,9,Miércoles,False
19970410,1997-04-10,1997,2,4,Abril,15,10,Jueves,False
19970411,1997-04-11,1997,2,4,Abril,15,11,Viernes,False
19970412,1997-04-12,1997,2,4,Abril,15,12,Sábado,True
19970413,1997-04-13,1997,2,4,Abril,15,13,Domingo,True
19970414,1997-04-14,1997,2,4,Abril,16,14,Lunes,False
19970415,1997-04-15,1997,2,4,Abril,16,15,Martes,False
19970416,1997-04-16,1997,2,4,Abril,16,16,Miércoles,False
19970417,1997-04-17,1997,2,4,Abril,16,17,Jueves,False
19970418,1997-04-18,1997,2,4,Abril,16,18,Viernes,False
19970419,1997-04-19,1997,2,4,Abril,16,19,Sábado,True
19970420,1997-04-20,1997,2,4,Abril,16,20,Domingo,True
19970421,1997-04-21,1997,2,4,Abril,17,21,Lunes,False
19970422,1997-04-22,1997,2,4,Abril,17,22,Martes,False
19970423,1997-04-23,1997,2,4,Abril,17,23,Miércoles,False
19970424,1997-04-24,1997,2,4,Abril,17,24,Jueves,False
19970425,1997-04-25,1997,2,4,Abril,17,25,Viernes,False
19970426,1997-04-26,1997,2,4,Abril,17,26,Sábado,True
19970427,1997-04-27,1997,2,4,Abril,17,27,Domingo,True
19970428,1997-04-28,1997,2,4,Abril,18,28,Lunes,False
19970429,1997-04-29,1997,2,4,Abril,18,29,Martes,False
19970430,1997-04-30,1997,2,4,Abril,18,30,Miércoles,False
19970501,1997-05-01,1997,2,5,Mayo,18,1,Jueves,False
19970502,1997-05-02,1997,2,5,Mayo,18,2,Viernes,False
19970503,1997-05-03,1997,2,5,Mayo,18,3,Sábado,True
19970504,1997-05-04,1997,2,5,Mayo,18,4,Domingo,True
19970505,1997-05-05,1997,2,5,Mayo,19,5,Lunes,False
19970506,1997-05-06,1997,2,5,Mayo,19,6,Martes,False
19970507,1997-05-07,1997,2,5,Mayo,19,7,Miércoles,False
19970508,1997-05-08,1997,2,5,Mayo,19,8,Jueves,False
19970509,1997-05-09,1997,2,5,Mayo,19,9,Viernes,False
19970510,1997-05-10,1997,2,5,Mayo,19,10,Sábado,True
19970511,1997-05-11,1997,2,5,Mayo,19,11,Domingo,True
19970512,1997-05-12,1997,2,5,Mayo,20,12,Lunes,False
19970513,1997-05-13,1997,2,5,Mayo,20,13,Martes,False
19970514,1997-05-14,1997,2,5,Mayo,20,14,Miércoles,False
19970515,1997-05-15,1997,2,5,Mayo,20,15,Jueves,False
19970516,1997-05-16,1997,2,5,Mayo,20,16,Viernes,False
19970517,1997-05-17,1997,2,5,Mayo,20,17,Sábado,True
19970518,1997-05-18,1997,2,5,Mayo,20,18,Domingo,True
19970519,1997-05-19,1997,2,5,Mayo,21,19,Lunes,False
19970520,1997-05-20,1997,2,5,Mayo,21,20,Martes,False
19970521,1997-05-21,1997,2,5,Mayo,21,21,Miércoles,False
19970522,1997-05-22,1997,2,5,Mayo,21,22,Jueves,False
19970523,1997-05-23,1997,2,5,Mayo,21,23,Viernes,False
19970524,1997-05-24,1997,2,5,Mayo,21,24,Sábado,True
19970525,1997-05-25,1997,2,5,Mayo,21,25,Domingo,True
19970526,1997-05-26,1997,2,5,Mayo,22,26,Lunes,False
19970527,1997-05-27,1997,2,5,Mayo,22,27,Martes,False
19970528,1997-05-28,1997,2,5,Mayo,22,28,Miércoles,False
19970529,1997-05-29,1997,2,5,Mayo,22,29,Jueves,False
19970530,1997-05-30,1997,2,5,Mayo,22,30,Viernes,False
19970531,1997-05-31,1997,2,5,Mayo,22,31,Sábado,True
19970601,1997-06-01,1997,2,6,Junio,22,1,Domingo,True
19970602,1997-06-02,1997,2,6,Junio,23,2,Lunes,False
19970603,1997-06-03,1997,2,6,Junio,23,3,Martes,False
19970604,1997-06-04,1997,2,6,Junio,23,4,Miércoles,False
19970605,1997-06-05,1997,2,6,Junio,23,5,Jueves,False
19970606,1997-06-06,1997,2,6,Junio,23,6,Viernes,False
19970607,1997-06-07,1997,2,6,Junio,23,7,Sábado,True
19970608,1997-06-08,1997,2,6,Junio,23,8,Domingo,True
19970609,1997-06-09,1997,2,6,Junio,24,9,Lunes,False
19970610,1997-06-10,1997,2,6,Junio,24,10,Martes,False
19970611,1997-06-11,1997,2,6,Junio,24,11,Miércoles,False
19970612,1997-06-12,1997,2,6,Junio,24,12,Jueves,False
19970613,1997-06-13,1997,2,6,Junio,24,13,Viernes,False
19970614,1997-06-14,1997,2,6,Junio,24,14,Sábado,True
19970615,1997-06-15,1997,2,6,Junio,24,15,Domingo,True
19970616,1997-06-16,1997,2,6,Junio,25,16,Lunes,False
19970617,1997-06-17,1997,2,6,Junio,25,17,Martes,False
19970618,1997-06-18,1997,2,6,Junio,25,18,Miércoles,False
19970619,1997-06-19,1997,2,6,Junio,25,19,Jueves,False
19970620,1997-06-20,1997,2,6,Junio,25,20,Viernes,False
19970621,1997-06-21,1997,2,6,Junio,25,21,Sábado,True
19970622,1997-06-22,1997,2,6,Junio,25,22,Domingo,True
19970623,1997-06-23,1997,2,6,Junio,26,23,Lunes,False
19970624,1997-06-24,1997,2,6,Junio,26,24,Martes,False
19970625,1997-06-25,1997,2,6,Junio,26,25,Miércoles,False
19970626,1997-06-26,1997,2,6,Junio,26,26,Jueves,False
19970627,1997-06-27,1997,2,6,Junio,26,27,Viernes,False
19970628,1997-06-28,1997,2,6,Junio,26,28,Sábado,True
19970629,1997-06-29,1997,2,6,Junio,26,29,Domingo,True
19970630,1997-06-30,1997,2,6,Junio,27,30,Lunes,False
19970701,1997-07-01,1997,3,7,Julio,27,1,Martes,False
19970702,1997-07-02,1997,3,7,Julio,27,2,Miércoles,False
19970703,1997-07-03,1997,3,7,Julio,27,3,Jueves,False
19970704,1997-07-04,1997,3,7,Julio,27,4,Viernes,False
19970705,1997-07-05,1997,3,7,Julio,27,5,Sábado,True
19970706,1997-07-06,1997,3,7,Julio,27,6,Domingo,True
19970707,1997-07-07,1997,3,7,Julio,28,7,Lunes,False
19970708,1997-07-08,1997,3,7,Julio,28,8,Martes,False
19970709,1997-07-09,1997,3,7,Julio,28,9,Miércoles,False
19970710,1997-07-10,1997,3,7,Julio,28,10,Jueves,False
19970711,1997-07-11,1997,3,7,Julio,28,11,Viernes,False
19970712,1997-07-12,1997,3,7,Julio,28,12,Sábado,True
19970713,1997-07-13,1997,3,7,Julio,28,13,Domingo,True
19970714,1997-07-14,1997,3,7,Julio,29,14,Lunes,False
19970715,1997-07-15,1997,3,7,Julio,29,15,Martes,False
19970716,1997-07-16,1997,3,7,Julio,29,16,Miércoles,False
19970717,1997-07-17,1997,3,7,Julio,29,17,Jueves,False
19970718,1997-07-18,1997,3,7,Julio,29,18,Viernes,False
19970719,1997-07-19,1997,3,7,Julio,29,19,Sábado,True
19970720,1997-07-20,1997,3,7,Julio,29,20,Domingo,True
19970721,1997-07-21,1997,3,7,Julio,30,21,Lunes,False
19970722,1997-07-22,1997,3,7,Julio,30,22,Martes,False
19970723,1997-07-23,1997,3,7,Julio,30,23,Miércoles,False
19970724,1997-07-24,1997,3,7,Julio,30,24,Jueves,False
19970725,1997-07-25,1997,3,7,Julio,30,25,Viernes,False
19970726,1997-07-26,1997,3,7,Julio,30,26,Sábado,True
19970727,1997-07-27,1997,3,7,Julio,30,27,Domingo,True
19970728,1997-07-28,1997,3,7,Julio,31,28,Lunes,False
19970729,1997-07-29,1997,3,7,Julio,31,29,Martes,False
19970730,1997-07-30,1997,3,7,Julio,31,30,Miércoles,False
19970731,1997-07-31,1997,3,7,Julio,31,31,Jueves,False
19970801,1997-08-01,1997,3,8,Agosto,31,1,Viernes,False
19970802,1997-08-02,1997,3,8,Agosto,31,2,Sábado,True
19970803,1997-08-03,1997,3,8,Agosto,31,3,Domingo,True
19970804,1997-08-04,1997,3,8,Agosto,32,4,Lunes,False
19970805,1997-08-05,1997,3,8,Agosto,32,5,Martes,False
19970806,1997-08-06,1997,3,8,Agosto,32,6,Miércoles,False
19970807,1997-08-07,1997,3,8,Agosto,32,7,Jueves,False
19970808,1997-08-08,1997,3,8,Agosto,32,8,Viernes,False
19970809,1997-08-09,1997,3,8,Agosto,32,9,Sábado,True
19970810,1997-08-10,1997,3,8,Agosto,32,10,Domingo,True
19970811,1997-08-11,1997,3,8,Agosto,33,11,Lunes,False
19970812,1997-08-12,1997,3,8,Agosto,33,12,Martes,False
19970813,1997-08-13,1997,3,8,Agosto,33,13,Miércoles,False
19970814,1997-08-14,1997,3,8,Agosto,33,14,Jueves,False
19970815,1997-08-15,1997,3,8,Agosto,33,15,Viernes,False
19970816,1997-08-16,1997,3,8,Agosto,33,16,Sábado,True
19970817,1997-08-17,1997,3,8,Agosto,33,17,Domingo,True
19970818,1997-08-18,1997,3,8,Agosto,34,18,Lunes,False
19970819,1997-08-19,1997,3,8,Agosto,34,19,Martes,False
19970820,1997-08-20,1997,3,8,Agosto,34,20,Miércoles,False
19970821,1997-08-21,1997,3,8,Agosto,34,21,Jueves,False
19970822,1997-08-22,1997,3,8,Agosto,34,22,Viernes,False
19970823,1997-08-23,1997,3,8,Agosto,34,23,Sábado,True
19970824,1997-08-24,1997,3,8,Agosto,34,24,Domingo,True
19970825,1997-08-25,1997,3,8,Agosto,35,25,Lunes,False
19970826,1997-08-26,1997,3,8,Agosto,35,26,Martes,False
19970827,1997-08-27,1997,3,8,Agosto,35,27,Miércoles,False
19970828,1997-08-28,1997,3,8,Agosto,35,28,Jueves,False
19970829,1997-08-29,1997,3,8,Agosto,35,29,Viernes,False
19970830,1997-08-30,1997,3,8,Agosto,35,30,Sábado,True
19970831,1997-08-31,1997,3,8,Agosto,35,31,Domingo,True
19970901,1997-09-01,1997,3,9,Septiembre,36,1,Lunes,False
19970902,1997-09-02,1997,3,9,Septiembre,36,2,Martes,False
19970903,1997-09-03,1997,3,9,Septiembre,36,3,Miércoles,False
19970904,1997-09-04,1997,3,9,Septiembre,36,4,Jueves,False
19970905,1997-09-05,1997,3,9,Septiembre,36,5,Viernes,False
19970906,1997-09-06,1997,3,9,Septiembre,36,6,Sábado,True
19970907,1997-09-07,1997,3,9,Septiembre,36,7,Domingo,True
19970908,1997-09-08,1997,3,9,Septiembre,37,8,Lunes,False
19970909,1997-09-09,1997,3,9,Septiembre,37,9,Martes,False
19970910,1997-09-10,1997,3,9,Septiembre,37,10,Miércoles,False
19970911,1997-09-11,1997,3,9,Septiembre,37,11,Jueves,False
19970912,1997-09-12,1997,3,9,Septiembre,37,12,Viernes,False
19970913,1997-09-13,1997,3,9,Septiembre,37,13,Sábado,True
19970914,1997-09-14,1997,3,9,Septiembre,37,14,Domingo,True
19970915,1997-09-15,1997,3,9,Septiembre,38,15,Lunes,False
19970916,1997-09-16,1997,3,9,Septiembre,38,16,Martes,False
19970917,1997-09-17,1997,3,9,Septiembre,38,17,Miércoles,False
19970918,1997-09-18,1997,3,9,Septiembre,38,18,Jueves,False
19970919,1997-09-19,1997,3,9,Septiembre,38,19,Viernes,False
19970920,1997-09-20,1997,3,9,Septiembre,38,20,Sábado,True
19970921,1997-09-21,1997,3,9,Septiembre,38,21,Domingo,True
19970922,1997-09-22,1997,3,9,Septiembre,39,22,Lunes,False
19970923,1997-09-23,1997,3,9,Septiembre,39,23,Martes,False
19970924,1997-09-24,1997,3,9,Septiembre,39,24,Miércoles,False
19970925,1997-09-25,1997,3,9,Septiembre,39,25,Jueves,False
19970926,1997-09-26,1997,3,9,Septiembre,39,26,Viernes,False
19970927,1997-09-27,1997,3,9,Septiembre,39,27,Sábado,True
19970928,1997-09-28,1997,3,9,Septiembre,39,28,Domingo,True
19970929,1997-09-29,1997,3,9,Septiembre,40,29,Lunes,False
19970930,1997-09-30,1997,3,9,Septiembre,40,30,Martes,False
19971001,1997-10-01,1997,4,10,Octubre,40,1,Miércoles,False
19971002,1997-10-02,1997,4,10,Octubre,40,2,Jueves,False
19971003,1997-10-03,1997,4,10,Octubre,40,3,Viernes,False
19971004,1997-10-04,1997,4,10,Octubre,40,4,Sábado,True
19971005,1997-10-05,1997,4,10,Octubre,40,5,Domingo,True
19971006,1997-10-06,1997,4,10,Octubre,41,6,Lunes,False
19971007,1997-10-07,1997,4,10,Octubre,41,7,Martes,False
19971008,1997-10-08,1997,4,10,Octubre,41,8,Miércoles,False
19971009,1997-10-09,1997,4,10,Octubre,41,9,Jueves,False
19971010,1997-10-10,1997,4,10,Octubre,41,10,Viernes,False
19971011,1997-10-11,1997,4,10,Octubre,41,11,Sábado,True
19971012,1997-10-12,1997,4,10,Octubre,41,12,Domingo,True
19971013,1997-10-13,1997,4,10,Octubre,42,13,Lunes,False
19971014,1997-10-14,1997,4,10,Octubre,42,14,Martes,False
19971015,1997-10-15,1997,4,10,Octubre,42,15,Miércoles,False
19971016,1997-10-16,1997,4,10,Octubre,42,16,Jueves,False
19971017,1997-10-17,1997,4,10,Octubre,42,17,Viernes,False
19971018,1997-10-18,1997,4,10,Octubre,42,18,Sábado,True
19971019,1997-10-19,1997,4,10,Octubre,42,19,Domingo,True
19971020,1997-10-20,1997,4,10,Octubre,43,20,Lunes,False
19971021,1997-10-21,1997,4,10,Octubre,43,21,Martes,False
19971022,1997-10-22,1997,4,10,Octubre,43,22,Miércoles,False
19971023,1997-10-23,1997,4,10,Octubre,43,23,Jueves,False
19971024,1997-10-24,1997,4,10,Octubre,43,24,Viernes,False
19971025,1997-10-25,1997,4,10,Octubre,43,25,Sábado,True
19971026,1997-10-26,1997,4,10,Octubre,43,26,Domingo,True
19971027,1997-10-27,1997,4,10,Octubre,44,27,Lunes,False
19971028,1997-10-28,1997,4,10,Octubre,44,28,Martes,False
19971029,1997-10-29,1997,4,10,Octubre,44,29,Miércoles,False
19971030,1997-10-30,1997,4,10,Octubre,44,30,Jueves,False
19971031,1997-10-31,1997,4,10,Octubre,44,31,Viernes,False
19971101,1997-11-01,1997,4,11,Noviembre,44,1,Sábado,True
19971102,1997-11-02,1997,4,11,Noviembre,44,2,Domingo,True
19971103,1997-11-03,1997,4,11,Noviembre,45,3,Lunes,False
19971104,1997-11-04,1997,4,11,Noviembre,45,4,Martes,False
19971105,1997-11-05,1997,4,11,Noviembre,45,5,Miércoles,False
19971106,1997-11-06,1997,4,11,Noviembre,45,6,Jueves,False
19971107,1997-11-07,1997,4,11,Noviembre,45,7,Viernes,False
19971108,1997-11-08,1997,4,11,Noviembre,45,8,Sábado,True
19971109,1997-11-09,1997,4,11,Noviembre,45,9,Domingo,True
19971110,1997-11-10,1997,4,11,Noviembre,46,10,Lunes,False
19971111,1997-11-11,1997,4,11,Noviembre,46,11,Martes,False
19971112,1997-11-12,1997,4,11,Noviembre,46,12,Miércoles,False
19971113,1997-11-13,1997,4,11,Noviembre,46,13,Jueves,False
19971114,1997-11-14,1997,4,11,Noviembre,46,14,Viernes,False
19971115,1997-11-15,1997,4,11,Noviembre,46,15,Sábado,True
19971116,1997-11-16,1997,4,11,Noviembre,46,16,Domingo,True
19971117,1997-11-17,1997,4,11,Noviembre,47,17,Lunes,False
19971118,1997-11-18,1997,4,11,Noviembre,47,18,Martes,False
19971119,1997-11-19,1997,4,11,Noviembre,47,19,Miércoles,False
19971120,1997-11-20,1997,4,11,Noviembre,47,20,Jueves,False
19971121,1997-11-21,1997,4,11,Noviembre,47,21,Viernes,False
19971122,1997-11-22,1997,4,11,Noviembre,47,22,Sábado,True
19971123,1997-11-23,1997,4,11,Noviembre,47,23,Domingo,True
19971124,1997-11-24,1997,4,11,Noviembre,48,24,Lunes,False
19971125,1997-11-25,1997,4,11,Noviembre,48,25,Martes,False
19971126,1997-11-26,1997,4,11,Noviembre,48,26,Miércoles,False
19971127,1997-11-27,1997,4,11,Noviembre,48,27,Jueves,False
19971128,1997-11-28,1997,4,11,Noviembre,48,28,Viernes,False
19971129,1997-11-29,1997,4,11,Noviembre,48,29,Sábado,True
19971130,1997-11-30,1997,4,11,Noviembre,48,30,Domingo,True
19971201,1997-12-01,1997,4,12,Diciembre,49,1,Lunes,False
19971202,1997-12-02,1997,4,12,Diciembre,49,2,Martes,False
19971203,1997-12-03,1997,4,12,Diciembre,49,3,Miércoles,False
19971204,1997-12-04,1997,4,12,Diciembre,49,4,Jueves,False
19971205,1997-12-05,1997,4,12,Diciembre,49,5,Viernes,False
19971206,1997-12-06,1997,4,12,Diciembre,49,6,Sábado,True
19971207,1997-12-07,1997,4,12,Diciembre,49,7,Domingo,True
19971208,1997-12-08,1997,4,12,Diciembre,50,8,Lunes,False
19971209,1997-12-09,1997,4,12,Diciembre,50,9,Martes,False
19971210,1997-12-10,1997,4,12,Diciembre,50,10,Miércoles,False
19971211,1997-12-11,1997,4,12,Diciembre,50,11,Jueves,False
19971212,1997-12-12,1997,4,12,Diciembre,50,12,Viernes,False
19971213,1997-12-13,1997,4,12,Diciembre,50,13,Sábado,True
19971214,1997-12-14,1997,4,12,Diciembre,50,14,Domingo,True
19971215,1997-12-15,1997,4,12,Diciembre,51,15,Lunes,False
19971216,1997-12-16,1997,4,12,Diciembre,51,16,Martes,False
19971217,1997-12-17,1997,4,12,Diciembre,51,17,Miércoles,False
19971218,1997-12-18,1997,4,12,Diciembre,51,18,Jueves,False
19971219,1997-12-19,1997,4,12,Diciembre,51,19,Viernes,False
19971220,1997-12-20,1997,4,12,Diciembre,51,20,Sábado,True
19971221,1997-12-21,1997,4,12,Diciembre,51,21,Domingo,True
19971222,1997-12-22,1997,4,12,Diciembre,52,22,Lunes,False
19971223,1997-12-23,1997,4,12,Diciembre,52,23,Martes,False
19971224,1997-12-24,1997,4,12,Diciembre,52,24,Miércoles,False
19971225,1997-12-25,1997,4,12,Diciembre,52,25,Jueves,False
19971226,1997-12-26,1997,4,12,Diciembre,52,26,Viernes,False
19971227,1997-12-27,1997,4,12,Diciembre,52,27,Sábado,True
19971228,1997-12-28,1997,4,12,Diciembre,52,28,Domingo,True
19971229,1997-12-29,1997,4,12,Diciembre,1,29,Lunes,False
19971230,1997-12-30,1997,4,12,Diciembre,1,30,Martes,False
19971231,1997-12-31,1997,4,12,Diciembre,1,31,Miércoles,False
19980101,1998-01-01,1998,1,1,Enero,1,1,Jueves,False
19980102,1998-01-02,1998,1,1,Enero,1,2,Viernes,False
19980103,1998-01-03,1998,1,1,Enero,1,3,Sábado,True
19980104,1998-01-04,1998,1,1,Enero,1,4,Domingo,True
19980105,1998-01-05,1998,1,1,Enero,2,5,Lunes,False
19980106,1998-01-06,1998,1,1,Enero,2,6,Martes,False
19980107,1998-01-07,1998,1,1,Enero,2,7,Miércoles,False
19980108,1998-01-08,1998,1,1,Enero,2,8,Jueves,False
19980109,1998-01-09,1998,1,1,Enero,2,9,Viernes,False
19980110,1998-01-10,1998,1,1,Enero,2,10,Sábado,True
19980111,1998-01-11,1998,1,1,Enero,2,11,Domingo,True
19980112,1998-01-12,1998,1,1,Enero,3,12,Lunes,False
19980113,1998-01-13,1998,1,1,Enero,3,13,Martes,False
19980114,1998-01-14,1998,1,1,Enero,3,14,Miércoles,False
19980115,1998-01-15,1998,1,1,Enero,3,15,Jueves,False
19980116,1998-01-16,1998,1,1,Enero,3,16,Viernes,False
19980117,1998-01-17,1998,1,1,Enero,3,17,Sábado,True
19980118,1998-01-18,1998,1,1,Enero,3,18,Domingo,True
19980119,1998-01-19,1998,1,1,Enero,4,19,Lunes,False
19980120,1998-01-20,1998,1,1,Enero,4,20,Martes,False
19980121,1998-01-21,1998,1,1,Enero,4,21,Miércoles,False
19980122,1998-01-22,1998,1,1,Enero,4,22,Jueves,False
19980123,1998-01-23,1998,1,1,Enero,4,23,Viernes,False
19980124,1998-01-24,1998,1,1,Enero,4,24,Sábado,True
19980125,1998-01-25,1998,1,1,Enero,4,25,Domingo,True
19980126,1998-01-26,1998,1,1,Enero,5,26,Lunes,False
19980127,1998-01-27,1998,1,1,Enero,5,27,Martes,False
19980128,1998-01-28,1998,1,1,Enero,5,28,Miércoles,False
19980129,1998-01-29,1998,1,1,Enero,5,29,Jueves,False
19980130,1998-01-30,1998,1,1,Enero,5,30,Viernes,False
19980131,1998-01-31,1998,1,1,Enero,5,31,Sábado,True
19980201,1998-02-01,1998,1,2,Febrero,5,1,Domingo,True
19980202,1998-02-02,1998,1,2,Febrero,6,2,Lunes,False
19980203,1998-02-03,1998,1,2,Febrero,6,3,Martes,False
19980204,1998-02-04,1998,1,2,Febrero,6,4,Miércoles,False
19980205,1998-02-05,1998,1,2,Febrero,6,5,Jueves,False
19980206,1998-02-06,1998,1,2,Febrero,6,6,Viernes,False
19980207,1998-02-07,1998,1,2,Febrero,6,7,Sábado,True
19980208,1998-02-08,1998,1,2,Febrero,6,8,Domingo,True
19980209,1998-02-09,1998,1,2,Febrero,7,9,Lunes,False
19980210,1998-02-10,1998,1,2,Febrero,7,10,Martes,False
19980211,1998-02-11,1998,1,2,Febrero,7,11,Miércoles,False
19980212,1998-02-12,1998,1,2,Febrero,7,12,Jueves,False
19980213,1998-02-13,1998,1,2,Febrero,7,13,Viernes,False
19980214,1998-02-14,1998,1,2,Febrero,7,14,Sábado,True
19980215,1998-02-15,1998,1,2,Febrero,7,15,Domingo,True
19980216,1998-02-16,1998,1,2,Febrero,8,16,Lunes,False
19980217,1998-02-17,1998,1,2,Febrero,8,17,Martes,False
19980218,1998-02-18,1998,1,2,Febrero,8,18,Miércoles,False
19980219,1998-02-19,1998,1,2,Febrero,8,19,Jueves,False
19980220,1998-02-20,1998,1,2,Febrero,8,20,Viernes,False
19980221,1998-02-21,1998,1,2,Febrero,8,21,Sábado,True
19980222,1998-02-22,1998,1,2,Febrero,8,22,Domingo,True
19980223,1998-02-23,1998,1,2,Febrero,9,23,Lunes,False
19980224,1998-02-24,1998,1,2,Febrero,9,24,Martes,False
19980225,1998-02-25,1998,1,2,Febrero,9,25,Miércoles,False
19980226,1998-02-26,1998,1,2,Febrero,9,26,Jueves,False
19980227,1998-02-27,1998,1,2,Febrero,9,27,Viernes,False
19980228,1998-02-28,1998,1,2,Febrero,9,28,Sábado,True
19980301,1998-03-01,1998,1,3,Marzo,9,1,Domingo,True
19980302,1998-03-02,1998,1,3,Marzo,10,2,Lunes,False
19980303,1998-03-03,1998,1,3,Marzo,10,3,Martes,False
19980304,1998-03-04,1998,1,3,Marzo,10,4,Miércoles,False
19980305,1998-03-05,1998,1,3,Marzo,10,5,Jueves,False
19980306,1998-03-06,1998,1,3,Marzo,10,6,Viernes,False
19980307,1998-03-07,1998,1,3,Marzo,10,7,Sábado,True
19980308,1998-03-08,1998,1,3,Marzo,10,8,Domingo,True
19980309,1998-03-09,1998,1,3,Marzo,11,9,Lunes,False
19980310,1998-03-10,1998,1,3,Marzo,11,10,Martes,False
19980311,1998-03-11,1998,1,3,Marzo,11,11,Miércoles,False
19980312,1998-03-12,1998,1,3,Marzo,11,12,Jueves,False
19980313,1998-03-13,1998,1,3,Marzo,11,13,Viernes,False
19980314,1998-03-14,1998,1,3,Marzo,11,14,Sábado,True
19980315,1998-03-15,1998,1,3,Marzo,11,15,Domingo,True
19980316,1998-03-16,1998,1,3,Marzo,12,16,Lunes,False
19980317,1998-03-17,1998,1,3,Marzo,12,17,Martes,False
19980318,1998-03-18,1998,1,3,Marzo,12,18,Miércoles,False
19980319,1998-03-19,1998,1,3,Marzo,12,19,Jueves,False
19980320,1998-03-20,1998,1,3,Marzo,12,20,Viernes,False
19980321,1998-03-21,1998,1,3,Marzo,12,21,Sábado,True
19980322,1998-03-22,1998,1,3,Marzo,12,22,Domingo,True
19980323,1998-03-23,1998,1,3,Marzo,13,23,Lunes,False
19980324,1998-03-24,1998,1,3,Marzo,13,24,Martes,False
19980325,1998-03-25,1998,1,3,Marzo,13,25,Miércoles,False
19980326,1998-03-26,1998,1,3,Marzo,13,26,Jueves,False
19980327,1998-03-27,1998,1,3,Marzo,13,27,Viernes,False
19980328,1998-03-28,1998,1,3,Marzo,13,28,Sábado,True
19980329,1998-03-29,1998,1,3,Marzo,13,29,Domingo,True
19980330,1998-03-30,1998,1,3,Marzo,14,30,Lunes,False
19980331,1998-03-31,1998,1,3,Marzo,14,31,Martes,False
19980401,1998-04-01,1998,2,4,Abril,14,1,Miércoles,False
19980402,1998-04-02,1998,2,4,Abril,14,2,Jueves,False
19980403,1998-04-03,1998,2,4,Abril,14,3,Viernes,False
19980404,1998-04-04,1998,2,4,Abril,14,4,Sábado,True
19980405,1998-04-05,1998,2,4,Abril,14,5,Domingo,True
19980406,1998-04-06,1998,2,4,Abril,15,6,Lunes,False
19980407,1998-04-07,1998,2,4,Abril,15,7,Martes,False
19980408,1998-04-08,1998,2,4,Abril,15,8,Miércoles,False
19980409,1998-04-09,1998,2,4,Abril,15,9,Jueves,False
19980410,1998-04-10,1998,2,4,Abril,15,10,Viernes,False
19980411,1998-04-11,1998,2,4,Abril,15,11,Sábado,True
19980412,1998-04-12,1998,2,4,Abril,15,12,Domingo,True
19980413,1998-04-13,1998,2,4,Abril,16,13,Lunes,False
19980414,1998-04-14,1998,2,4,Abril,16,14,Martes,False
19980415,1998-04-15,1998,2,4,Abril,16,15,Miércoles,False
19980416,1998-04-16,1998,2,4,Abril,16,16,Jueves,False
19980417,1998-04-17,1998,2,4,Abril,16,17,Viernes,False
19980418,1998-04-18,1998,2,4,Abril,16,18,Sábado,True
19980419,1998-04-19,1998,2,4,Abril,16,19,Domingo,True
19980420,1998-04-20,1998,2,4,Abril,17,20,Lunes,False
19980421,1998-04-21,1998,2,4,Abril,17,21,Martes,False
19980422,1998-04-22,1998,2,4,Abril,17,22,Miércoles,False
19980423,1998-04-23,1998,2,4,Abril,17,23,Jueves,False
19980424,1998-04-24,1998,2,4,Abril,17,24,Viernes,False
19980425,1998-04-25,1998,2,4,Abril,17,25,Sábado,True
19980426,1998-04-26,1998,2,4,Abril,17,26,Domingo,True
19980427,1998-04-27,1998,2,4,Abril,18,27,Lunes,False
19980428,1998-04-28,1998,2,4,Abril,18,28,Martes,False
19980429,1998-04-29,1998,2,4,Abril,18,29,Miércoles,False
19980430,1998-04-30,1998,2,4,Abril,18,30,Jueves,False
19980501,1998-05-01,1998,2,5,Mayo,18,1,Viernes,False
19980502,1998-05-02,1998,2,5,Mayo,18,2,Sábado,True
19980503,1998-05-03,1998,2,5,Mayo,18,3,Domingo,True
19980504,1998-05-04,1998,2,5,Mayo,19,4,Lunes,False
19980505,1998-05-05,1998,2,5,Mayo,19,5,Martes,False
19980506,1998-05-06,1998,2,5,Mayo,19,6,Miércoles,False
